pid_7,Feeling_Democrat,Feeiling_Republican,Feeling_Biden,Feeling_Trump,Feeling_Ordinary_Democrats,Feeling_Ordinary_Republicans
1,0.805535714,0.178988095,0.756666667,0.13422619,0.828869048,0.246666667
2,0.679767442,0.278837209,0.560930233,0.190581395,0.723837209,0.34127907
3,0.64816092,0.217931034,0.595632184,0.111149425,0.673678161,0.308275862
4,0.387272727,0.417454545,0.291272727,0.374909091,0.429636364,0.460363636
5,0.178214286,0.532738095,0.105238095,0.56202381,0.355119048,0.627738095
6,0.275,0.67872549,0.196764706,0.59,0.399803922,0.678627451
7,0.110057803,0.809306358,0.064797688,0.852254335,0.240115607,0.803872832