pid_7,Feeling_Democrat,Feeiling_Republican,Feeling_Biden,Feeling_Trump,Feeling_Ordinary_Democrats,Feeling_Ordinary_Republicans
1,8.05535714,1.78988095,7.56666667,1.3422619,2.46666667,2.46666667
2,6.79767442,2.78837209,5.60930233,1.90581395,3.4127907,3.4127907
3,6.4816092,2.17931034,5.95632184,1.11149425,3.08275862,3.08275862
4,3.87272727,4.17454545,2.91272727,3.74909091,4.60363636,4.60363636
5,1.78214286,5.32738095,1.05238095,5.6202381,6.27738095,6.27738095
6,2.75,6.7872549,1.96764706,5.9,6.78627451,6.78627451
7,1.10057803,8.09306358,0.64797688,8.52254335,8.03872832,8.03872832