pid_7,Feeling_Democrat,Feeiling_Republican,Feeling_Biden,Feeling_Trump,Feeling_Ordinary_Democrats,Feeling_Ordinary_Republicans
1,8.055357143,1.789880952,7.566666667,1.342261905,8.288690476,2.466666667
2,6.797674419,2.788372093,5.609302326,1.905813953,7.238372093,3.412790698
3,6.481609195,2.179310345,5.956321839,1.111494253,6.736781609,3.082758621
4,3.872727273,4.174545455,2.912727273,3.749090909,4.296363636,4.603636364
5,1.782142857,5.327380952,1.052380952,5.620238095,3.551190476,6.277380952
6,2.75,6.787254902,1.967647059,5.9,3.998039216,6.78627451
7,1.100578035,8.093063584,0.647976879,8.522543353,2.401156069,8.038728324