"","pid_7","Feeling_Democrat","Feeiling_Republican","Feeling_Biden","Feeling_Trump","Feeling_Ordinary_Democrats","Feeling_Ordinary_Republicans"
"1",1,0.805535714285714,0.178988095238095,0.756666666666667,0.13422619047619,0.828869047619048,0.246666666666667
"2",2,0.679767441860465,0.278837209302326,0.56093023255814,0.190581395348837,0.723837209302326,0.341279069767442
"3",3,0.64816091954023,0.217931034482759,0.595632183908046,0.111149425287356,0.67367816091954,0.308275862068966
"4",4,0.387272727272727,0.417454545454545,0.291272727272727,0.374909090909091,0.429636363636364,0.460363636363636
"5",5,0.178214285714286,0.532738095238095,0.105238095238095,0.562023809523809,0.355119047619048,0.627738095238095
"6",6,0.275,0.678725490196078,0.196764705882353,0.59,0.399803921568627,0.678627450980392
"7",7,0.110057803468208,0.809306358381503,0.0647976878612717,0.852254335260116,0.240115606936416,0.803872832369942
